{
    "[RIVER, TIME] One Step LK": 5.234764814376831,
    "[RIVER, MSE] Original video": 46.84747208436725,
    "[RIVER, MSE] One Step LK": 604.8987439486455,
    "[RIVER, TIME] Full LK": 142.9818503856659,
    "[RIVER, MSE] Full LK": 38.30275126803996
}