{
    "[RIVER, TIME] One Step LK": 20.013501405715942,
    "[RIVER, MSE] Original video": 46.84747208436725,
    "[RIVER, MSE] One Step LK": 604.8987439486455,
    "[RIVER, TIME] Full LK": 157.8366184234619,
    "[RIVER, MSE] Full LK": 38.302751268039955
}