{
    "2": [
        297.8473413297797,
        139.25953628387796,
        15.999999999999998,
        43.0
    ],
    "3": [
        298.19085680003616,
        138.9644940227716,
        16.000000000000004,
        43.000000000000014
    ],
    "4": [
        297.6751650422372,
        138.68788886749667,
        16.0,
        42.99999999999999
    ],
    "5": [
        297.974754438766,
        137.85343893492484,
        15.999999999999996,
        42.99999999999999
    ],
    "6": [
        296.52649396067466,
        136.01700152756044,
        16.0,
        43.0
    ],
    "7": [
        292.7703609177963,
        137.00890776820728,
        15.999999999999998,
        43.0
    ],
    "8": [
        290.47646356516543,
        138.70098061843836,
        15.999999999999998,
        42.999999999999986
    ],
    "9": [
        285.95721730879075,
        139.60456440141328,
        16.0,
        43.000000000000014
    ],
    "10": [
        283.70099427499656,
        138.44996810004426,
        16.000000000000004,
        43.0
    ],
    "11": [
        282.92866166439467,
        135.52516227925307,
        16.0,
        43.0
    ],
    "12": [
        281.31468039853746,
        133.4439852126201,
        15.999999999999996,
        42.999999999999986
    ],
    "13": [
        276.55048754060107,
        135.61683373271285,
        15.999999999999998,
        42.99999999999999
    ],
    "14": [
        273.3566872742851,
        136.69562284776273,
        16.000000000000004,
        43.000000000000014
    ],
    "15": [
        274.454285524765,
        135.9585139085506,
        16.0,
        42.99999999999999
    ],
    "16": [
        274.72351356229956,
        133.3522714040372,
        15.999999999999998,
        43.00000000000001
    ],
    "17": [
        273.5927672087798,
        130.79239146669303,
        15.999999999999998,
        43.0
    ],
    "18": [
        273.4341073693234,
        126.16998076493437,
        16.0,
        42.999999999999986
    ],
    "19": [
        275.96716826068837,
        123.42380450008478,
        15.999999999999998,
        43.0
    ],
    "20": [
        277.3861582400241,
        121.49623930453295,
        16.0,
        43.0
    ],
    "21": [
        277.6783965133544,
        122.45474964642304,
        15.999999999999998,
        43.0
    ],
    "22": [
        279.68447911074304,
        123.57391105544346,
        16.0,
        43.00000000000001
    ],
    "23": [
        282.0699088141641,
        124.74052900030254,
        15.999999999999996,
        42.99999999999999
    ],
    "24": [
        283.61311366772514,
        123.80439938016592,
        16.000000000000004,
        42.99999999999999
    ],
    "25": [
        284.8523332996137,
        124.39802699300668,
        15.999999999999998,
        43.00000000000001
    ],
    "26": [
        285.04912129087734,
        127.67277851006457,
        16.000000000000004,
        43.00000000000001
    ],
    "27": [
        285.84531713054105,
        130.76203365515718,
        16.000000000000004,
        43.00000000000001
    ],
    "28": [
        286.9595037309414,
        131.45225175635085,
        16.0,
        43.00000000000001
    ],
    "29": [
        286.6297741839188,
        130.442225136251,
        16.000000000000007,
        43.000000000000014
    ],
    "30": [
        288.45020582515536,
        129.5973716773753,
        16.000000000000004,
        43.000000000000014
    ],
    "31": [
        290.6631334334048,
        128.9374013150327,
        15.999999999999996,
        43.0
    ],
    "32": [
        289.7891154567548,
        129.51351882146804,
        16.0,
        43.0
    ],
    "33": [
        289.79190909145467,
        131.68906738790332,
        16.000000000000004,
        43.0
    ],
    "34": [
        291.04103550473616,
        132.93767598546577,
        15.999999999999998,
        42.99999999999999
    ],
    "35": [
        293.06681893357364,
        131.97397938206953,
        16.0,
        42.99999999999999
    ],
    "36": [
        295.003333731692,
        134.05755231786216,
        16.0,
        42.99999999999999
    ],
    "37": [
        295.55268879768244,
        133.78658754387345,
        16.000000000000004,
        43.00000000000001
    ],
    "38": [
        295.7583872757859,
        132.88506125911152,
        15.999999999999998,
        42.999999999999986
    ],
    "39": [
        297.67528284663894,
        132.19210467931072,
        16.000000000000004,
        43.00000000000001
    ],
    "40": [
        298.64824451817145,
        131.97421122420053,
        16.0,
        43.000000000000014
    ],
    "41": [
        299.8570497931317,
        131.46277002419455,
        16.000000000000004,
        43.0
    ],
    "42": [
        302.7555487106526,
        131.11898863783196,
        16.0,
        43.0
    ],
    "43": [
        306.9594563322224,
        130.0967867499656,
        16.0,
        42.999999999999986
    ],
    "44": [
        309.6326975549809,
        129.6733741630692,
        16.000000000000004,
        43.00000000000001
    ],
    "45": [
        311.40707666900613,
        130.36650864389676,
        16.000000000000004,
        42.99999999999999
    ],
    "46": [
        308.787735580549,
        129.9394327834595,
        15.999999999999998,
        42.99999999999999
    ],
    "47": [
        309.5856565215178,
        129.16586337894046,
        16.000000000000007,
        43.000000000000014
    ],
    "48": [
        313.5515518555962,
        129.0189008661319,
        16.0,
        43.0
    ],
    "49": [
        316.54674856320173,
        126.17923747621697,
        15.999999999999998,
        43.0
    ],
    "50": [
        318.4300014783238,
        125.67476196386055,
        16.0,
        43.00000000000001
    ],
    "51": [
        324.15644394521223,
        124.2478790951816,
        16.000000000000004,
        43.0
    ],
    "52": [
        330.4752898379693,
        122.14547338894535,
        15.999999999999996,
        43.0
    ],
    "53": [
        334.438228942415,
        123.41482824119102,
        15.999999999999998,
        43.0
    ],
    "54": [
        330.7252587921018,
        124.74705370929392,
        16.000000000000004,
        43.0
    ],
    "55": [
        327.6500174519239,
        132.15433547885095,
        16.0,
        43.00000000000001
    ],
    "56": [
        326.90103613617305,
        139.809454136341,
        16.0,
        43.00000000000001
    ],
    "57": [
        325.9953435155902,
        140.52635330516014,
        16.000000000000007,
        43.0
    ],
    "58": [
        325.31616781081476,
        143.09415220960108,
        16.000000000000004,
        43.00000000000001
    ],
    "59": [
        324.74327589272497,
        145.3752306569436,
        15.999999999999996,
        42.99999999999999
    ],
    "60": [
        323.2336114634479,
        150.16743058999168,
        16.0,
        42.99999999999999
    ],
    "61": [
        322.5438671649522,
        152.5350180481942,
        15.999999999999998,
        43.0
    ],
    "62": [
        321.9788833153531,
        152.65989643351378,
        16.000000000000004,
        43.00000000000001
    ],
    "63": [
        321.5756787829833,
        153.89080444356537,
        15.999999999999996,
        42.99999999999999
    ],
    "64": [
        321.469888440938,
        152.68017990410112,
        16.000000000000004,
        43.00000000000001
    ],
    "65": [
        320.1679637947308,
        150.4174101272649,
        16.0,
        43.00000000000001
    ],
    "66": [
        323.2426944790627,
        147.06566772337493,
        16.0,
        42.99999999999999
    ],
    "67": [
        325.1044506998283,
        147.9554763540447,
        16.000000000000004,
        43.00000000000001
    ],
    "68": [
        325.62701063137155,
        148.80609227168424,
        16.000000000000004,
        43.000000000000014
    ],