{
    "2": [
        298.79581659472444,
        130.26830089792327,
        16.0,
        43.0
    ],
    "3": [
        302.61960088092775,
        143.19175157656824,
        16.0,
        43.0
    ],
    "4": [
        298.0634338688256,
        125.61451738837829,
        16.0,
        43.0
    ],
    "5": [
        295.0092042935055,
        123.35198390966531,
        16.0,
        43.0
    ],
    "6": [
        291.3995765388593,
        125.15513128192492,
        16.0,
        43.0
    ],
    "7": [
        286.42168208667516,
        148.70065948289084,
        16.0,
        43.0
    ],
    "8": [
        289.70987699681416,
        150.16040314953284,
        16.0,
        43.0
    ],
    "9": [
        283.6252866452597,
        142.88992762151474,
        16.0,
        43.0
    ],
    "10": [
        284.301739766909,
        124.8425463300379,
        16.0,
        43.0
    ],
    "11": [
        283.7651997387502,
        122.2827959468064,
        16.0,
        43.0
    ],
    "12": [
        277.7567094307921,
        120.49958190292871,
        16.0,
        43.0
    ],
    "13": [
        271.5405389180398,
        125.92405213283473,
        16.0,
        43.0
    ],
    "14": [
        275.77628936596034,
        153.62123220799305,
        16.0,
        43.0
    ],
    "15": [
        277.61456701901625,
        153.2154202326959,
        16.0,
        43.0
    ],
    "16": [
        274.77028521355567,
        122.91960513629074,
        16.0,
        43.0
    ],
    "17": [
        273.5115826740303,
        121.29643193914399,
        16.0,
        43.0
    ],
    "18": [
        274.40474576681834,
        129.18676690956488,
        16.0,
        43.0
    ],
    "19": [
        278.222092942672,
        118.82184646291077,
        16.0,
        43.0
    ],
    "20": [
        276.8383084275297,
        118.23157133263459,
        16.0,
        43.0
    ],
    "21": [
        277.5723683872022,
        135.87757549064267,
        16.0,
        43.0
    ],
    "22": [
        281.7865879071449,
        133.3950259847908,
        16.0,
        43.0
    ],
    "23": [
        282.9022133402272,
        118.18818578418096,
        16.0,
        43.0
    ],
    "24": [
        284.4680634353967,
        116.11960601353444,
        16.0,
        43.0
    ],
    "25": [
        282.8387765208986,
        116.19246918799233,
        16.0,
        43.0
    ],
    "26": [
        285.91545170050665,
        137.97849445922608,
        16.0,
        43.0
    ],
    "27": [
        284.82275862312395,
        132.53684025375648,
        16.0,
        43.0
    ],
    "28": [
        284.82785581002264,
        122.76794669605134,
        16.0,
        43.0
    ],
    "29": [
        286.04715221911187,
        129.01565826169298,
        16.0,
        43.0
    ],
    "30": [
        288.2204198016607,
        132.1321404979492,
        16.0,
        43.0
    ],
    "31": [
        288.6258503279139,
        117.76334846947182,
        16.0,
        43.0
    ],
    "32": [
        288.53006446670287,
        129.57428222347838,
        16.0,
        43.0
    ],
    "33": [
        289.64305930097134,
        135.87476789641008,
        16.0,
        43.0
    ],
    "34": [
        290.34567824208756,
        135.82294794234525,
        16.0,
        43.0
    ],
    "35": [
        294.61553296021,
        129.42768230987343,
        16.0,
        43.0
    ],
    "36": [
        292.27426614542696,
        121.52657794899852,
        16.0,
        43.0
    ],
    "37": [
        292.56542346021644,
        116.18974707146586,
        16.0,
        43.0
    ],
    "38": [
        295.0728739366976,
        145.87214026590078,
        16.0,
        43.0
    ],
    "39": [
        298.5742433949536,
        148.9020038704303,
        16.0,
        43.0
    ],
    "40": [
        300.8818709621712,
        139.601127868813,
        16.0,
        43.0
    ],
    "41": [
        292.3167207384058,
        147.06266365432964,
        16.0,
        43.0
    ],
    "42": [
        301.36890627559126,
        131.04107871621758,
        16.0,
        43.0
    ],
    "43": [
        309.3855239736048,
        140.75120270984937,
        16.0,
        43.0
    ],
    "44": [
        311.7224386155286,
        125.67722860544053,
        16.0,
        43.0
    ],
    "45": [
        302.90077254543,
        143.2753378673106,
        16.0,
        43.0
    ],
    "46": [
        303.33327426855084,
        142.54302127470638,
        16.0,
        43.0
    ],
    "47": [
        311.0666773719217,
        121.53507763481873,
        16.0,
        43.0
    ],
    "48": [
        316.1114733512014,
        144.5633372539005,
        16.0,
        43.0
    ],
    "49": [
        317.04348846621525,
        125.33870073735882,
        16.0,
        43.0
    ],
    "50": [
        317.5169603664833,
        120.03000871148612,
        16.0,
        43.0
    ],
    "51": [
        326.7995006266519,
        123.04696339181935,
        16.0,
        43.0
    ],
    "52": [
        336.90082098256585,
        119.04748851916827,
        16.0,
        43.0
    ],
    "53": [
        312.92196739540924,
        116.32618538433522,
        16.0,
        43.0
    ],
    "54": [
        320.8676514634292,
        121.7319264452255,
        16.0,
        43.0
    ],
    "55": [
        330.6187929948315,
        147.98767424921257,
        16.0,
        43.0
    ],
    "56": [
        320.0694066948248,
        151.06109948656263,
        16.0,
        43.0
    ],
    "57": [
        318.8536447055204,
        151.44472037733854,
        16.0,
        43.0
    ],
    "58": [
        321.0977854642145,
        149.55111375747646,
        16.0,
        43.0
    ],
    "59": [
        322.2328614754514,
        148.06674488794278,
        16.0,
        43.0
    ],
    "60": [
        324.2920057812556,
        150.87822983150375,
        16.0,
        43.0
    ],
    "61": [
        323.33969962787745,
        150.90027746153837,
        16.0,
        43.0
    ],
    "62": [
        324.96756455475474,
        153.65688367059013,
        16.0,
        43.0
    ],
    "63": [
        323.2413469031896,
        151.63562852788468,
        16.0,
        43.0
    ],
    "64": [
        326.089374960049,
        136.4219343963657,
        16.0,
        43.0
    ],
    "65": [
        323.47004772824147,
        149.28045083902518,
        16.0,
        43.0
    ],
    "66": [
        330.28330971331775,
        132.00301646100021,
        16.0,
        43.0
    ],
    "67": [
        323.88718241971924,
        144.9793518346643,
        16.0,
        43.0
    ],
    "68": [
        326.5301075052911,
        153.74893194733212,
        16.0,
        43.0
    ],
    "69": [
        328.99541232081776,
        150.34361413212008,
        16.0,
        43.0
    ],
    "70": [
        328.67390782687755,
        148.27128892071332,
        16.0,
        43.0
    ],
    "71": [
        330.97878377193257,
        148.05943520660313,
        16.0,
        43.0
    ],
    "72": [
        331.9903333682273,
        150.07766171269208,
        16.0,
        43.0
    ],
    "73": [
        336.4827695303443,
        150.36705848433448,
        16.0,
        43.0
    ],
    "74": [
        336.4757371559773,
        151.30212341412596,
        16.0,
        43.0
    ],
    "75": [
        341.3422718271912,
        124.71905366790172,
        16.0,
        43.0
    ],
    "76": [
        342.4691234785393,
        124.47319592101296,
        16.0,
        43.0
    ],
    "77": [
        343.0667230647912,
        123.83238362593886,
        16.0,
        43.0
    ],
    "78": [
        342.6245627070492,
        125.58947899087022,
        16.0,
        43.0
    ],
    "79": [
        343.3525706076251,
        151.30306700565814,
        16.0,
        43.0
    ],
    "80": [
        342.8999561601037,
        147.49584405636216,
        16.0,
        43.0
    ],