{"time_to_stabilize": 58.24029183387756, "time_to_binary": 440.8878400325775, "time_to_alpha": 1170.06503033638, "time_to_matted": 1170.06503033638, "time_to_output": 12.547924280166626}